,precision,recall,f1-score,support
anger,0.0,0.0,0.0,1349.0
disgust,0.0,0.0,0.0,46.0
fear,0.0,0.0,0.0,53.0
joy,0.0,0.0,0.0,121.0
sadness,0.17517173699705593,0.9972067039106145,0.29799666110183637,358.0
surprise,0.0,0.0,0.0,120.0
accuracy,0.17440156326331216,0.17440156326331216,0.17440156326331216,0.17440156326331216
macro avg,0.029195289499509322,0.16620111731843576,0.049666110183639395,2047.0
weighted avg,0.030635799631141193,0.17440156326331216,0.05211666080823518,2047.0
